***Priors	0.5000000000	0.5000000000
a	0.0155309649	0.0199580592
able	0.0001941371	0.0005061827
about	0.0005824112	0.0027478487
above	0.0005824112	0.0006508063
access	0.0001941371	0.0006508063
accomodate	0.0009706853	0.0000723118
account	0.0031061930	0.0013016126
across	0.0003882741	0.0003615590
act	0.0005824112	0.0004338709
activities	0.0013589594	0.0000723118
actual	0.0003882741	0.0002169354
ad	0.0001941371	0.0023139779
add	0.0005824112	0.0007954299
additional	0.0009706853	0.0000723118
address	0.0001941371	0.0016631716
addresses	0.0001941371	0.0003615590
adobe	0.0001941371	0.0005061827
ads	0.0001941371	0.0004338709
advance	0.0007765482	0.0000723118
advertisement	0.0001941371	0.0003615590
advertising	0.0001941371	0.0005061827
advice	0.0001941371	0.0002892472
aeopublishing	0.0001941371	0.0021693543
affiliates	0.0001941371	0.0005061827
africa	0.0001941371	0.0007231181
after	0.0005824112	0.0006508063
again	0.0003882741	0.0003615590
against	0.0009706853	0.0000723118
agent	0.0001941371	0.0002892472
agree	0.0003882741	0.0002169354
agreement	0.0015530965	0.0002169354
akkabay	0.0001941371	0.0003615590
all	0.0031061930	0.0044833321
allocations	0.0009706853	0.0000723118
allow	0.0011648224	0.0002169354
along	0.0001941371	0.0003615590
already	0.0001941371	0.0003615590
also	0.0027179189	0.0018077952
always	0.0001941371	0.0007954299
am	0.0067947971	0.0010123653
america	0.0009706853	0.0001446236
among	0.0005824112	0.0001446236
amount	0.0007765482	0.0002892472
an	0.0031061930	0.0023862897
and	0.0194137061	0.0212596717
announcement	0.0001941371	0.0004338709
another	0.0003882741	0.0005784945
answer	0.0001941371	0.0005784945
answering	0.0001941371	0.0002892472
answers	0.0001941371	0.0005784945
any	0.0023296447	0.0026032251
anyhow	0.0007765482	0.0001446236
anyone	0.0005824112	0.0004338709
anything	0.0007765482	0.0005784945
anywhere	0.0001941371	0.0002892472
aol	0.0001941371	0.0003615590
appeals	0.0001941371	0.0002892472
appear	0.0003882741	0.0002169354
application	0.0001941371	0.0003615590
apply	0.0001941371	0.0002892472
approved	0.0001941371	0.0004338709
are	0.0036886042	0.0065803746
area	0.0003882741	0.0002169354
areas	0.0005824112	0.0001446236
aren	0.0001941371	0.0002892472
around	0.0007765482	0.0001446236
arrangements	0.0001941371	0.0002892472
arrest	0.0001941371	0.0003615590
as	0.0066006601	0.0043387085
aside	0.0001941371	0.0003615590
ask	0.0003882741	0.0005061827
asking	0.0005824112	0.0004338709
assist	0.0001941371	0.0005061827
assistance	0.0001941371	0.0005784945
associated	0.0005824112	0.0002169354
assure	0.0007765482	0.0000723118
at	0.0040768783	0.0040494613
attached	0.0005824112	0.0001446236
audience	0.0001941371	0.0005784945
author	0.0001941371	0.0002892472
automatically	0.0001941371	0.0005061827
available	0.0011648224	0.0005061827
average	0.0001941371	0.0002892472
avoid	0.0001941371	0.0005784945
await	0.0001941371	0.0003615590
away	0.0005824112	0.0004338709
b	0.0005824112	0.0002169354
back	0.0011648224	0.0008677417
background	0.0003882741	0.0005784945
bail	0.0015530965	0.0000723118
bank	0.0001941371	0.0003615590
bankruptcy	0.0013589594	0.0000723118
bannerco	0.0001941371	0.0002892472
bannersgomlm	0.0001941371	0.0005061827
base	0.0001941371	0.0002892472
based	0.0007765482	0.0005784945
basis	0.0001941371	0.0002892472
batch	0.0001941371	0.0002892472
bd	0.0001941371	0.0005784945
be	0.0073772083	0.0073034927
bear	0.0003882741	0.0002169354
because	0.0005824112	0.0010846771
beck	0.0005824112	0.0001446236
become	0.0001941371	0.0004338709
been	0.0027179189	0.0015908598
before	0.0009706853	0.0010123653
began	0.0005824112	0.0001446236
begin	0.0001941371	0.0002892472
beginning	0.0001941371	0.0002892472
being	0.0011648224	0.0002169354
believe	0.0009706853	0.0004338709
below	0.0003882741	0.0004338709
benefit	0.0001941371	0.0006508063
benefits	0.0003882741	0.0006508063
best	0.0011648224	0.0012293007
better	0.0007765482	0.0004338709
between	0.0001941371	0.0004338709
big	0.0007765482	0.0003615590
bill	0.0007765482	0.0000723118
bills	0.0007765482	0.0001446236
biz	0.0001941371	0.0003615590
bless	0.0001941371	0.0002892472
block	0.0001941371	0.0002892472
bmlm	0.0001941371	0.0003615590
bob	0.0009706853	0.0000723118
body	0.0001941371	0.0005784945
bombs	0.0001941371	0.0002892472
bonds	0.0009706853	0.0000723118
bonus	0.0001941371	0.0004338709
bonuses	0.0001941371	0.0003615590
book	0.0001941371	0.0002892472
both	0.0005824112	0.0007231181
box	0.0001941371	0.0012293007
brand	0.0001941371	0.0005061827
branding	0.0001941371	0.0006508063
brazil	0.0007765482	0.0000723118
breath	0.0001941371	0.0004338709
brick	0.0001941371	0.0003615590
brings	0.0001941371	0.0002892472
bryan	0.0001941371	0.0004338709
build	0.0001941371	0.0009400535
building	0.0001941371	0.0003615590
bullet	0.0001941371	0.0004338709
burton	0.0015530965	0.0000723118
business	0.0019413706	0.0028924723
businesses	0.0001941371	0.0003615590
but	0.0025237818	0.0022416661
buy	0.0005824112	0.0004338709
by	0.0058241118	0.0040494613
c	0.0005824112	0.0007231181
cal	0.0003882741	0.0002169354
california	0.0009706853	0.0000723118
call	0.0011648224	0.0002892472
can	0.0025237818	0.0034709668
cannot	0.0003882741	0.0002892472
capital	0.0005824112	0.0003615590
car	0.0001941371	0.0002892472
card	0.0001941371	0.0002892472
cards	0.0001941371	0.0003615590
care	0.0001941371	0.0005784945
carefully	0.0001941371	0.0003615590
case	0.0013589594	0.0000723118
cash	0.0009706853	0.0005061827
cashpromotions	0.0001941371	0.0002892472
catalog	0.0001941371	0.0003615590
causey	0.0009706853	0.0000723118
cc	0.0034944671	0.0000723118
ccprod	0.0001941371	0.0002892472
center	0.0001941371	0.0006508063
certainly	0.0001941371	0.0002892472
cgi	0.0001941371	0.0004338709
chairman	0.0005824112	0.0001446236
chance	0.0005824112	0.0002892472
chances	0.0001941371	0.0003615590
change	0.0011648224	0.0007231181
changes	0.0007765482	0.0000723118
chapman	0.0007765482	0.0000723118
charge	0.0007765482	0.0002892472
charset	0.0001941371	0.0007231181
cheapsoft	0.0001941371	0.0002892472
cheated	0.0001941371	0.0003615590
check	0.0003882741	0.0002169354
city	0.0001941371	0.0002892472
cj	0.0001941371	0.0004338709
claim	0.0001941371	0.0002892472
claims	0.0001941371	0.0003615590
clear	0.0005824112	0.0004338709
click	0.0001941371	0.0018077952
close	0.0005824112	0.0001446236
closely	0.0007765482	0.0000723118
co	0.0005824112	0.0002169354
college	0.0001941371	0.0002892472
color	0.0036886042	0.0000723118
com	0.0003882741	0.0101959650
come	0.0007765482	0.0007231181
comes	0.0003882741	0.0002169354
commentaries	0.0001941371	0.0002892472
commentary	0.0001941371	0.0013739244
comments	0.0001941371	0.0010123653
commercial	0.0019413706	0.0002892472
commodity	0.0009706853	0.0000723118
communication	0.0009706853	0.0002169354
community	0.0001941371	0.0016631716
companies	0.0005824112	0.0002169354
company	0.0005824112	0.0010123653
complete	0.0001941371	0.0002892472
complicated	0.0001941371	0.0002892472
concerning	0.0005824112	0.0004338709
concerns	0.0005824112	0.0001446236
conference	0.0009706853	0.0000723118
confidential	0.0001941371	0.0004338709
confirmations	0.0009706853	0.0000723118
congratulations	0.0005824112	0.0002169354
consolidation	0.0005824112	0.0002169354
consultant	0.0001941371	0.0002892472
contact	0.0007765482	0.0007954299
containing	0.0001941371	0.0002892472
contains	0.0001941371	0.0003615590
content	0.0001941371	0.0007954299
continue	0.0015530965	0.0003615590
contract	0.0005824112	0.0002169354
contracts	0.0013589594	0.0001446236
control	0.0005824112	0.0001446236
controls	0.0009706853	0.0000723118
coordinate	0.0009706853	0.0000723118
copy	0.0001941371	0.0007954299
copyright	0.0001941371	0.0005784945
corp	0.0011648224	0.0000723118
cost	0.0003882741	0.0002892472
cote	0.0001941371	0.0002892472
could	0.0007765482	0.0008677417
country	0.0007765482	0.0013739244
course	0.0001941371	0.0007954299
cpm	0.0001941371	0.0004338709
create	0.0005824112	0.0005784945
created	0.0009706853	0.0001446236
credit	0.0009706853	0.0007231181
crenshaw	0.0009706853	0.0000723118
critical	0.0015530965	0.0000723118
current	0.0007765482	0.0002892472
currently	0.0013589594	0.0002169354
customer	0.0001941371	0.0017354834
customers	0.0001941371	0.0003615590
d	0.0029120559	0.0010846771
date	0.0005824112	0.0001446236
dave	0.0009706853	0.0000723118
david	0.0009706853	0.0000723118
day	0.0013589594	0.0005061827
days	0.0003882741	0.0005784945
dead	0.0003882741	0.0002169354
deadline	0.0001941371	0.0003615590
deal	0.0007765482	0.0000723118
dear	0.0001941371	0.0004338709
death	0.0001941371	0.0002892472
dec	0.0015530965	0.0000723118
december	0.0007765482	0.0000723118
decided	0.0001941371	0.0004338709
delainey	0.0009706853	0.0000723118
delete	0.0005824112	0.0001446236
delivered	0.0007765482	0.0001446236
delivery	0.0013589594	0.0002169354
deposit	0.0001941371	0.0002892472
deposited	0.0001941371	0.0002892472
design	0.0001941371	0.0006508063
designed	0.0001941371	0.0003615590
designs	0.0001941371	0.0003615590
desire	0.0001941371	0.0002892472
detailed	0.0001941371	0.0002892472
developed	0.0001941371	0.0003615590
did	0.0003882741	0.0002892472
didn	0.0001941371	0.0002892472
different	0.0003882741	0.0002169354
difficult	0.0001941371	0.0003615590
direct	0.0005824112	0.0001446236
directions	0.0001941371	0.0002892472
directly	0.0007765482	0.0002169354
director	0.0003882741	0.0003615590
discarded	0.0001941371	0.0002892472
discover	0.0001941371	0.0002892472
discuss	0.0007765482	0.0002169354
do	0.0011648224	0.0019524188
doctrine	0.0009706853	0.0000723118
documents	0.0001941371	0.0003615590
does	0.0003882741	0.0004338709
doesn	0.0001941371	0.0007231181
doing	0.0001941371	0.0005061827
dollars	0.0001941371	0.0005061827
domain	0.0001941371	0.0002892472
don	0.0009706853	0.0018801070
doubt	0.0001941371	0.0002892472
down	0.0001941371	0.0006508063
draw	0.0001941371	0.0002892472
drawing	0.0001941371	0.0002892472
due	0.0005824112	0.0004338709
during	0.0009706853	0.0001446236
e	0.0013589594	0.0022416661
each	0.0021355077	0.0007231181
early	0.0007765482	0.0001446236
earn	0.0001941371	0.0005061827
easily	0.0001941371	0.0003615590
easy	0.0001941371	0.0011569889
ebook	0.0001941371	0.0002892472
ecomog	0.0001941371	0.0002892472
ect	0.0198019802	0.0000723118
edit	0.0001941371	0.0006508063
editor	0.0001941371	0.0002892472
effective	0.0013589594	0.0002892472
effectively	0.0003882741	0.0002169354
either	0.0009706853	0.0002169354
email	0.0009706853	0.0021693543
en	0.0001941371	0.0002892472
ena	0.0009706853	0.0000723118
enable	0.0001941371	0.0003615590
encourage	0.0007765482	0.0000723118
encouraged	0.0001941371	0.0002892472
end	0.0009706853	0.0004338709
energy	0.0033003300	0.0000723118
enough	0.0003882741	0.0002892472
enron	0.0069889342	0.0000723118
enter	0.0001941371	0.0004338709
entered	0.0001941371	0.0005061827
entex	0.0029120559	0.0000723118
entries	0.0001941371	0.0002892472
equity	0.0003882741	0.0002169354
error	0.0001941371	0.0002892472
errors	0.0003882741	0.0004338709
especially	0.0005824112	0.0002169354
establish	0.0005824112	0.0004338709
etc	0.0007765482	0.0004338709
even	0.0005824112	0.0009400535
ever	0.0001941371	0.0004338709
every	0.0001941371	0.0009400535
everyone	0.0009706853	0.0005061827
everything	0.0001941371	0.0003615590
eworld	0.0001941371	0.0003615590
exactly	0.0001941371	0.0003615590
examine	0.0001941371	0.0002892472
example	0.0003882741	0.0003615590
excellent	0.0001941371	0.0003615590
exchange	0.0001941371	0.0005061827
executive	0.0007765482	0.0000723118
exhibit	0.0001941371	0.0002892472
expect	0.0003882741	0.0002892472
expectations	0.0001941371	0.0003615590
expected	0.0009706853	0.0000723118
experience	0.0015530965	0.0001446236
expertise	0.0005824112	0.0001446236
express	0.0001941371	0.0002892472
ext	0.0007765482	0.0000723118
extra	0.0005824112	0.0002169354
ezine	0.0001941371	0.0003615590
fact	0.0001941371	0.0005784945
fame	0.0001941371	0.0002892472
far	0.0003882741	0.0002169354
fast	0.0001941371	0.0002892472
father	0.0001941371	0.0003615590
favor	0.0003882741	0.0002892472
favorite	0.0001941371	0.0005784945
fax	0.0001941371	0.0003615590
fear	0.0001941371	0.0003615590
features	0.0001941371	0.0003615590
february	0.0015530965	0.0000723118
fee	0.0003882741	0.0003615590
feel	0.0011648224	0.0006508063
few	0.0009706853	0.0003615590
file	0.0003882741	0.0002169354
filed	0.0009706853	0.0000723118
filing	0.0011648224	0.0000723118
fill	0.0001941371	0.0004338709
financial	0.0009706853	0.0002169354
finished	0.0003882741	0.0003615590
first	0.0005824112	0.0015908598
floor	0.0007765482	0.0000723118
flow	0.0009706853	0.0001446236
focus	0.0001941371	0.0002892472
focusing	0.0005824112	0.0001446236
folks	0.0001941371	0.0002892472
follow	0.0003882741	0.0007231181
following	0.0015530965	0.0002892472
font	0.0001941371	0.0002892472
foot	0.0003882741	0.0002169354
for	0.0130071831	0.0114252657
force	0.0001941371	0.0003615590
forces	0.0001941371	0.0004338709
form	0.0001941371	0.0007954299
forward	0.0009706853	0.0000723118
forwarded	0.0025237818	0.0000723118
found	0.0001941371	0.0004338709
four	0.0005824112	0.0003615590
fraction	0.0001941371	0.0002892472
free	0.0011648224	0.0045556439
freelinksnetwork	0.0001941371	0.0002892472
from	0.0046592895	0.0047002676
full	0.0005824112	0.0005061827
fund	0.0001941371	0.0002892472
funds	0.0001941371	0.0007954299
future	0.0003882741	0.0005784945
g	0.0036886042	0.0005061827
gas	0.0033003300	0.0000723118
general	0.0001941371	0.0002892472
generic	0.0001941371	0.0005061827
germany	0.0001941371	0.0002892472
get	0.0023296447	0.0034709668
getting	0.0001941371	0.0005784945
gift	0.0001941371	0.0006508063
girl	0.0001941371	0.0003615590
give	0.0007765482	0.0007231181
global	0.0036886042	0.0001446236
go	0.0003882741	0.0003615590
goal	0.0001941371	0.0004338709
god	0.0001941371	0.0002892472
going	0.0013589594	0.0007954299
gold	0.0001941371	0.0002892472
good	0.0007765482	0.0006508063
got	0.0001941371	0.0004338709
gra	0.0001941371	0.0002892472
grand	0.0001941371	0.0002892472
great	0.0005824112	0.0007954299
group	0.0017472335	0.0002169354
guarantee	0.0001941371	0.0004338709
guaranteed	0.0001941371	0.0003615590
had	0.0007765482	0.0003615590
hard	0.0007765482	0.0002892472
has	0.0029120559	0.0014462362
have	0.0044651524	0.0060018801
having	0.0007765482	0.0001446236
he	0.0005824112	0.0023862897
headlines	0.0001941371	0.0003615590
hear	0.0005824112	0.0001446236
held	0.0005824112	0.0001446236
help	0.0003882741	0.0005061827
helping	0.0001941371	0.0002892472
her	0.0011648224	0.0002169354
here	0.0011648224	0.0025309133
hesitate	0.0001941371	0.0003615590
high	0.0005824112	0.0005061827
highlight	0.0005824112	0.0001446236
him	0.0005824112	0.0004338709
his	0.0009706853	0.0018077952
home	0.0001941371	0.0007231181
hope	0.0009706853	0.0001446236
hou	0.0106775383	0.0000723118
hours	0.0001941371	0.0006508063
houston	0.0013589594	0.0000723118
how	0.0007765482	0.0020247306
howard	0.0017472335	0.0000723118
however	0.0011648224	0.0002169354
hpl	0.0017472335	0.0000723118
html	0.0001941371	0.0005061827
http	0.0001941371	0.0039771495
human	0.0005824112	0.0001446236
husband	0.0001941371	0.0003615590
i	0.0116482236	0.0090389761
id	0.0003882741	0.0003615590
idea	0.0003882741	0.0002892472
ideas	0.0005824112	0.0002169354
ie	0.0001941371	0.0003615590
if	0.0046592895	0.0033986550
ilug	0.0001941371	0.0002892472
immediately	0.0001941371	0.0012293007
important	0.0005824112	0.0005784945
impression	0.0001941371	0.0002892472
in	0.0143661425	0.0130884373
inc	0.0007765482	0.0002169354
include	0.0001941371	0.0006508063
included	0.0001941371	0.0005061827
including	0.0005824112	0.0002892472
income	0.0001941371	0.0003615590
increase	0.0007765482	0.0004338709
increasing	0.0007765482	0.0000723118
incurred	0.0001941371	0.0002892472
individual	0.0003882741	0.0004338709
industry	0.0001941371	0.0005061827
info	0.0003882741	0.0005061827
information	0.0009706853	0.0034709668
informed	0.0003882741	0.0002169354
initial	0.0009706853	0.0002892472
initially	0.0005824112	0.0002169354
innovation	0.0009706853	0.0000723118
input	0.0009706853	0.0001446236
instructed	0.0001941371	0.0002892472
instructions	0.0001941371	0.0003615590
insure	0.0009706853	0.0000723118
interest	0.0005824112	0.0007231181
interested	0.0005824112	0.0005061827
interesting	0.0001941371	0.0002892472
interests	0.0001941371	0.0005061827
internal	0.0009706853	0.0000723118
international	0.0001941371	0.0003615590
internet	0.0001941371	0.0019524188
into	0.0019413706	0.0014462362
invest	0.0001941371	0.0003615590
investment	0.0005824112	0.0008677417
invite	0.0005824112	0.0002892472
involuntary	0.0011648224	0.0000723118
involved	0.0003882741	0.0004338709
is	0.0122306348	0.0075927399
isn	0.0001941371	0.0002892472
iso	0.0001941371	0.0006508063
isp	0.0001941371	0.0005061827
issue	0.0003882741	0.0010123653
issued	0.0005824112	0.0001446236
issues	0.0015530965	0.0001446236
it	0.0044651524	0.0086774170
item	0.0001941371	0.0002892472
items	0.0005824112	0.0008677417
its	0.0013589594	0.0003615590
itself	0.0003882741	0.0002169354
ivoire	0.0001941371	0.0002892472
j	0.0013589594	0.0000723118
jana	0.0001941371	0.0002892472
jeff	0.0009706853	0.0002169354
jm	0.0001941371	0.0005061827
joel	0.0001941371	0.0005061827
john	0.0013589594	0.0002169354
join	0.0005824112	0.0002169354
josey	0.0015530965	0.0000723118
jsp	0.0001941371	0.0002892472
judge	0.0007765482	0.0000723118
julie	0.0007765482	0.0000723118
june	0.0001941371	0.0003615590
just	0.0003882741	0.0026032251
kaminski	0.0007765482	0.0000723118
kay	0.0009706853	0.0000723118
keep	0.0007765482	0.0010123653
keeping	0.0001941371	0.0003615590
kevin	0.0054358377	0.0000723118
key	0.0009706853	0.0001446236
keyword	0.0001941371	0.0003615590
kg	0.0001941371	0.0002892472
kind	0.0005824112	0.0002892472
king	0.0011648224	0.0000723118
knave	0.0001941371	0.0002892472
know	0.0023296447	0.0013016126
known	0.0005824112	0.0001446236
l	0.0009706853	0.0002169354
language	0.0001941371	0.0002892472
large	0.0001941371	0.0005061827
last	0.0011648224	0.0004338709
late	0.0003882741	0.0002169354
later	0.0007765482	0.0003615590
lavorato	0.0007765482	0.0000723118
lead	0.0007765482	0.0002892472
leads	0.0001941371	0.0008677417
learn	0.0005824112	0.0001446236
least	0.0003882741	0.0005061827
legislature	0.0007765482	0.0000723118
lenders	0.0001941371	0.0003615590
leone	0.0001941371	0.0004338709
less	0.0007765482	0.0007954299
lesson	0.0001941371	0.0004338709
let	0.0015530965	0.0010846771
letter	0.0001941371	0.0019524188
letters	0.0001941371	0.0008677417
life	0.0001941371	0.0007231181
like	0.0015530965	0.0026032251
limited	0.0001941371	0.0006508063
line	0.0001941371	0.0010846771
link	0.0001941371	0.0003615590
linkpaks	0.0001941371	0.0003615590
links	0.0001941371	0.0018801070
linux	0.0001941371	0.0003615590
list	0.0005824112	0.0007954299
listinfo	0.0001941371	0.0002892472
little	0.0001941371	0.0003615590
living	0.0001941371	0.0002892472
liz	0.0007765482	0.0000723118
ll	0.0003882741	0.0013016126
loan	0.0001941371	0.0003615590
location	0.0017472335	0.0000723118
long	0.0007765482	0.0004338709
longer	0.0003882741	0.0002169354
look	0.0003882741	0.0008677417
looks	0.0001941371	0.0002892472
lot	0.0007765482	0.0003615590
lottery	0.0001941371	0.0005061827
low	0.0001941371	0.0004338709
lyn	0.0015530965	0.0000723118
m	0.0011648224	0.0012293007
made	0.0007765482	0.0005784945
mail	0.0009706853	0.0013016126
mailman	0.0001941371	0.0002892472
mailto	0.0001941371	0.0008677417
major	0.0001941371	0.0004338709
make	0.0005824112	0.0018801070
makes	0.0001941371	0.0004338709
making	0.0005824112	0.0006508063
malina	0.0009706853	0.0000723118
man	0.0003882741	0.0002169354
managed	0.0005824112	0.0003615590
management	0.0062123859	0.0000723118
manager	0.0007765482	0.0000723118
managment	0.0009706853	0.0000723118
many	0.0001941371	0.0013739244
mark	0.0009706853	0.0001446236
market	0.0009706853	0.0001446236
marketing	0.0005824112	0.0016631716
markets	0.0009706853	0.0000723118
mass	0.0003882741	0.0002169354
matches	0.0001941371	0.0003615590
matter	0.0005824112	0.0003615590
may	0.0007765482	0.0009400535
maybe	0.0003882741	0.0002169354
me	0.0033003300	0.0028201605
meanwhile	0.0001941371	0.0002892472
meet	0.0005824112	0.0003615590
meeting	0.0019413706	0.0000723118
meetings	0.0011648224	0.0000723118
member	0.0001941371	0.0012293007
members	0.0011648224	0.0006508063
membership	0.0001941371	0.0013016126
mention	0.0001941371	0.0002892472
mentioned	0.0005824112	0.0001446236
merchandise	0.0001941371	0.0002892472
merchant	0.0001941371	0.0002892472
message	0.0003882741	0.0012293007
meter	0.0009706853	0.0000723118
meters	0.0007765482	0.0000723118
michael	0.0005824112	0.0001446236
microsale	0.0001941371	0.0006508063
microsoft	0.0001941371	0.0003615590
might	0.0007765482	0.0005061827
mike	0.0011648224	0.0000723118
million	0.0001941371	0.0007231181
mind	0.0003882741	0.0010846771
mine	0.0005824112	0.0002169354
minutes	0.0001941371	0.0004338709
mmbtu	0.0013589594	0.0000723118
moderator	0.0001941371	0.0003615590
moment	0.0001941371	0.0002892472
monday	0.0013589594	0.0000723118
money	0.0001941371	0.0023862897
month	0.0011648224	0.0007231181
months	0.0009706853	0.0004338709
moore	0.0046592895	0.0000723118
more	0.0007765482	0.0030370960
morning	0.0011648224	0.0000723118
most	0.0001941371	0.0017354834
move	0.0001941371	0.0004338709
moving	0.0007765482	0.0000723118
mr	0.0005824112	0.0006508063
mrs	0.0001941371	0.0005061827
much	0.0011648224	0.0007231181
multiple	0.0001941371	0.0004338709
must	0.0003882741	0.0010846771
my	0.0027179189	0.0041217731
myinput	0.0001941371	0.0003615590
myshoppingplace	0.0001941371	0.0002892472
mysiteinc	0.0001941371	0.0002892472
n	0.0003882741	0.0008677417
name	0.0001941371	0.0007231181
natural	0.0007765482	0.0000723118
nd	0.0005824112	0.0002169354
necessary	0.0007765482	0.0003615590
need	0.0044651524	0.0012293007
needed	0.0007765482	0.0001446236
needs	0.0005824112	0.0002169354
net	0.0005824112	0.0016631716
netnoteinc	0.0001941371	0.0005061827
never	0.0001941371	0.0002892472
new	0.0046592895	0.0015185480
newsletter	0.0001941371	0.0015908598
newsletters	0.0001941371	0.0002892472
next	0.0011648224	0.0009400535
nguyen	0.0007765482	0.0000723118
night	0.0007765482	0.0000723118
niles	0.0007765482	0.0000723118
no	0.0007765482	0.0020970424
nom	0.0017472335	0.0000723118
nominated	0.0007765482	0.0000723118
non	0.0001941371	0.0003615590
normal	0.0001941371	0.0006508063
not	0.0040768783	0.0051341384
note	0.0001941371	0.0004338709
noted	0.0007765482	0.0000723118
nothing	0.0005824112	0.0002892472
now	0.0001941371	0.0010123653
number	0.0011648224	0.0006508063
numbers	0.0001941371	0.0004338709
o	0.0001941371	0.0004338709
obtain	0.0003882741	0.0002169354
obviously	0.0003882741	0.0002892472
oem	0.0001941371	0.0002892472
of	0.0172781984	0.0186564466
off	0.0001941371	0.0002892472
offer	0.0001941371	0.0014462362
offered	0.0001941371	0.0002892472
offering	0.0001941371	0.0005061827
office	0.0019413706	0.0002169354
often	0.0001941371	0.0007231181
ok	0.0001941371	0.0003615590
old	0.0001941371	0.0005061827
on	0.0102892642	0.0078819871
once	0.0003882741	0.0002892472
one	0.0015530965	0.0031817196
online	0.0001941371	0.0015185480
only	0.0009706853	0.0012293007
oo	0.0001941371	0.0004338709
op	0.0001941371	0.0002892472
open	0.0003882741	0.0002169354
opening	0.0005824112	0.0001446236
operational	0.0009706853	0.0000723118
operations	0.0048534265	0.0000723118
opinion	0.0001941371	0.0002892472
opportunities	0.0005824112	0.0002169354
opportunity	0.0001941371	0.0005061827
or	0.0040768783	0.0062911273
order	0.0007765482	0.0025309133
ordered	0.0007765482	0.0001446236
original	0.0003882741	0.0002169354
other	0.0011648224	0.0016631716
our	0.0033003300	0.0054233856
out	0.0021355077	0.0025309133
outstanding	0.0005824112	0.0001446236
over	0.0017472335	0.0019524188
own	0.0003882741	0.0007231181
p	0.0011648224	0.0010123653
page	0.0005824112	0.0015908598
pages	0.0001941371	0.0007231181
paper	0.0007765482	0.0000723118
paragraph	0.0001941371	0.0005061827
paragraphs	0.0001941371	0.0006508063
part	0.0005824112	0.0005061827
parties	0.0001941371	0.0003615590
partner	0.0001941371	0.0003615590
payments	0.0001941371	0.0003615590
pc	0.0001941371	0.0004338709
peace	0.0001941371	0.0003615590
people	0.0009706853	0.0020970424
per	0.0003882741	0.0005784945
person	0.0001941371	0.0010846771
personal	0.0001941371	0.0006508063
personality	0.0001941371	0.0003615590
personnel	0.0009706853	0.0000723118
perspective	0.0007765482	0.0000723118
phone	0.0003882741	0.0005784945
phrases	0.0001941371	0.0002892472
physical	0.0009706853	0.0000723118
picture	0.0001941371	0.0002892472
pictures	0.0001941371	0.0005784945
place	0.0005824112	0.0008677417
plan	0.0023296447	0.0000723118
please	0.0044651524	0.0019524188
pm	0.0029120559	0.0000723118
point	0.0011648224	0.0005784945
policy	0.0001941371	0.0004338709
political	0.0001941371	0.0002892472
poor	0.0001941371	0.0002892472
possible	0.0005824112	0.0005061827
post	0.0001941371	0.0007231181
potential	0.0001941371	0.0005061827
power	0.0021355077	0.0002169354
powered	0.0001941371	0.0002892472
powerful	0.0001941371	0.0005061827
president	0.0013589594	0.0000723118
price	0.0009706853	0.0009400535
prices	0.0003882741	0.0002892472
pricing	0.0003882741	0.0002169354
printer	0.0046592895	0.0000723118
privacy	0.0001941371	0.0004338709
private	0.0001941371	0.0003615590
probably	0.0003882741	0.0004338709
problem	0.0003882741	0.0003615590
problems	0.0001941371	0.0003615590
process	0.0015530965	0.0003615590
processing	0.0009706853	0.0002892472
product	0.0005824112	0.0021693543
products	0.0005824112	0.0011569889
professional	0.0001941371	0.0006508063
profit	0.0001941371	0.0004338709
profitbanners	0.0001941371	0.0002892472
program	0.0001941371	0.0003615590
programs	0.0001941371	0.0008677417
proposal	0.0003882741	0.0005784945
prosper	0.0001941371	0.0002892472
provide	0.0007765482	0.0009400535
provided	0.0001941371	0.0002892472
providing	0.0001941371	0.0004338709
proxy	0.0001941371	0.0005784945
published	0.0003882741	0.0002892472
purchase	0.0007765482	0.0005061827
purpose	0.0005824112	0.0002892472
put	0.0005824112	0.0005061827
putpeel	0.0001941371	0.0005061827
qualification	0.0001941371	0.0002892472
quality	0.0003882741	0.0005784945
question	0.0001941371	0.0008677417
questions	0.0023296447	0.0010123653
quick	0.0003882741	0.0002169354
quickly	0.0007765482	0.0002169354
quite	0.0005824112	0.0001446236
r	0.0005824112	0.0007231181
ranch	0.0021355077	0.0000723118
rate	0.0019413706	0.0002169354
rather	0.0005824112	0.0002892472
re	0.0025237818	0.0005784945
reach	0.0001941371	0.0003615590
read	0.0003882741	0.0010123653
reader	0.0001941371	0.0017354834
readers	0.0001941371	0.0002892472
ready	0.0001941371	0.0002892472
real	0.0001941371	0.0007954299
realize	0.0001941371	0.0002892472
really	0.0001941371	0.0003615590
reason	0.0001941371	0.0003615590
recap	0.0005824112	0.0001446236
receipt	0.0001941371	0.0002892472
receive	0.0001941371	0.0007231181
recently	0.0007765482	0.0000723118
reduction	0.0007765482	0.0000723118
referendum	0.0013589594	0.0000723118
refugee	0.0001941371	0.0002892472
regard	0.0007765482	0.0002892472
regards	0.0005824112	0.0001446236
regina	0.0001941371	0.0005061827
regional	0.0015530965	0.0000723118
relationship	0.0005824112	0.0002892472
released	0.0001941371	0.0003615590
remember	0.0001941371	0.0007231181
remove	0.0001941371	0.0004338709
replies	0.0001941371	0.0002892472
reply	0.0001941371	0.0002892472
report	0.0011648224	0.0000723118
reporting	0.0013589594	0.0000723118
request	0.0001941371	0.0006508063
requirements	0.0005824112	0.0001446236
research	0.0007765482	0.0000723118
resources	0.0009706853	0.0003615590
respect	0.0001941371	0.0002892472
respond	0.0001941371	0.0005784945
response	0.0001941371	0.0003615590
responses	0.0001941371	0.0006508063
responsibilities	0.0009706853	0.0000723118
rest	0.0001941371	0.0003615590
results	0.0001941371	0.0004338709
retail	0.0005824112	0.0001446236
rev	0.0009706853	0.0000723118
review	0.0007765482	0.0002892472
reviewed	0.0001941371	0.0003615590
rick	0.0013589594	0.0002169354
right	0.0003882741	0.0008677417
rights	0.0001941371	0.0002892472
risk	0.0060182489	0.0002892472
rita	0.0007765482	0.0000723118
roberts	0.0009706853	0.0000723118
roibot	0.0001941371	0.0002892472
role	0.0021355077	0.0000723118
rosenfield	0.0011648224	0.0000723118
rossman	0.0001941371	0.0009400535
roving	0.0001941371	0.0005061827
running	0.0001941371	0.0004338709
s	0.0046592895	0.0054956974
saave	0.0001941371	0.0005784945
safe	0.0001941371	0.0003615590
said	0.0003882741	0.0002169354
sale	0.0003882741	0.0006508063
sales	0.0003882741	0.0029647841
sally	0.0044651524	0.0000723118
same	0.0001941371	0.0010123653
sample	0.0001941371	0.0004338709
sankoh	0.0001941371	0.0002892472
satisfied	0.0001941371	0.0003615590
say	0.0003882741	0.0002169354
saying	0.0001941371	0.0002892472
sc	0.0001941371	0.0002892472
schedule	0.0009706853	0.0000723118
scheduling	0.0007765482	0.0000723118
schmidt	0.0001941371	0.0003615590
script	0.0001941371	0.0002892472
search	0.0001941371	0.0003615590
secret	0.0001941371	0.0006508063
secrets	0.0001941371	0.0003615590
securities	0.0007765482	0.0001446236
security	0.0001941371	0.0007231181
see	0.0003882741	0.0017354834
seem	0.0001941371	0.0002892472
sell	0.0001941371	0.0005784945
selling	0.0003882741	0.0007954299
sellinternetaccess	0.0001941371	0.0002892472
send	0.0003882741	0.0013739244
senior	0.0007765482	0.0002169354
sent	0.0009706853	0.0005784945
sentences	0.0001941371	0.0003615590
separate	0.0003882741	0.0005061827
serve	0.0001941371	0.0003615590
service	0.0001941371	0.0024586015
services	0.0001941371	0.0009400535
set	0.0003882741	0.0006508063
setup	0.0007765482	0.0002169354
seven	0.0005824112	0.0001446236
seventhpower	0.0001941371	0.0002892472
several	0.0009706853	0.0004338709
shall	0.0001941371	0.0006508063
share	0.0003882741	0.0003615590
she	0.0023296447	0.0001446236
shirley	0.0009706853	0.0000723118
shopping	0.0001941371	0.0003615590
short	0.0003882741	0.0005061827
should	0.0009706853	0.0011569889
show	0.0003882741	0.0002169354
showcase	0.0001941371	0.0015185480
showcases	0.0001941371	0.0003615590
sierra	0.0001941371	0.0004338709
sign	0.0001941371	0.0002892472
simple	0.0001941371	0.0005061827
simplicity	0.0001941371	0.0003615590
simply	0.0001941371	0.0004338709
since	0.0013589594	0.0002169354
single	0.0001941371	0.0002892472
sitara	0.0007765482	0.0000723118
site	0.0001941371	0.0039048377
sites	0.0001941371	0.0020970424
situation	0.0001941371	0.0003615590
size	0.0001941371	0.0004338709
skilling	0.0013589594	0.0000723118
smaller	0.0003882741	0.0002892472
smith	0.0005824112	0.0001446236
smoking	0.0001941371	0.0003615590
so	0.0017472335	0.0020247306
software	0.0001941371	0.0005061827
some	0.0038827412	0.0014462362
someone	0.0001941371	0.0007954299
something	0.0005824112	0.0002169354
son	0.0001941371	0.0007954299
soon	0.0003882741	0.0002892472
south	0.0007765482	0.0006508063
space	0.0001941371	0.0002892472
speak	0.0007765482	0.0002892472
special	0.0001941371	0.0007231181
specials	0.0001941371	0.0002892472
specific	0.0001941371	0.0004338709
specifically	0.0001941371	0.0003615590
spelling	0.0001941371	0.0002892472
spend	0.0001941371	0.0005061827
sponsor	0.0001941371	0.0003615590
sponsorship	0.0001941371	0.0007231181
spot	0.0005824112	0.0001446236
standing	0.0001941371	0.0002892472
start	0.0001941371	0.0005061827
started	0.0001941371	0.0002892472
state	0.0021355077	0.0000723118
states	0.0003882741	0.0003615590
still	0.0005824112	0.0002892472
stop	0.0005824112	0.0002892472
stores	0.0001941371	0.0005061827
strategies	0.0001941371	0.0004338709
stress	0.0001941371	0.0003615590
stretch	0.0005824112	0.0001446236
students	0.0001941371	0.0002892472
subject	0.0034944671	0.0009400535
submit	0.0001941371	0.0007231181
subscribe	0.0001941371	0.0005784945
subscribed	0.0001941371	0.0003615590
subscription	0.0001941371	0.0005784945
succeed	0.0003882741	0.0002169354
success	0.0007765482	0.0015908598
successes	0.0001941371	0.0002892472
successful	0.0001941371	0.0012293007
such	0.0005824112	0.0004338709
suggestions	0.0001941371	0.0004338709
suite	0.0005824112	0.0001446236
sum	0.0001941371	0.0002892472
summary	0.0007765482	0.0000723118
summer	0.0001941371	0.0002892472
super	0.0001941371	0.0004338709
support	0.0019413706	0.0001446236
supporting	0.0009706853	0.0000723118
sure	0.0001941371	0.0005061827
surf	0.0001941371	0.0004338709
surfola	0.0001941371	0.0003615590
survey	0.0001941371	0.0002892472
susan	0.0011648224	0.0000723118
system	0.0003882741	0.0002169354
systems	0.0005824112	0.0002169354
t	0.0011648224	0.0041217731
take	0.0005824112	0.0009400535
takes	0.0001941371	0.0003615590
talk	0.0003882741	0.0002169354
talks	0.0005824112	0.0001446236
target	0.0001941371	0.0005784945
targeted	0.0001941371	0.0008677417
taylor	0.0009706853	0.0000723118
team	0.0023296447	0.0001446236
technical	0.0001941371	0.0002892472
techniques	0.0001941371	0.0004338709
teddy	0.0001941371	0.0002892472
tell	0.0001941371	0.0009400535
text	0.0003882741	0.0007954299
th	0.0013589594	0.0002169354
than	0.0015530965	0.0009400535
thank	0.0003882741	0.0002169354
thanks	0.0042710153	0.0000723118
that	0.0058241118	0.0088943524
the	0.0465928946	0.0384698821
their	0.0007765482	0.0014462362
them	0.0005824112	0.0031094078
then	0.0005824112	0.0014462362
there	0.0019413706	0.0019524188
therefore	0.0003882741	0.0002892472
these	0.0025237818	0.0015908598
they	0.0009706853	0.0033986550
thing	0.0005824112	0.0007231181
things	0.0003882741	0.0003615590
think	0.0007765482	0.0005784945
thirty	0.0001941371	0.0002892472
this	0.0110658125	0.0083881698
those	0.0005824112	0.0005784945
though	0.0007765482	0.0000723118
thousands	0.0003882741	0.0002169354
threat	0.0009706853	0.0000723118
three	0.0001941371	0.0007954299
through	0.0003882741	0.0007231181
throughout	0.0001941371	0.0002892472
thu	0.0021355077	0.0000723118
thursday	0.0013589594	0.0000723118
time	0.0009706853	0.0015908598
times	0.0005824112	0.0001446236
timshometownstories	0.0001941371	0.0002892472
tips	0.0001941371	0.0003615590
tires	0.0001941371	0.0002892472
title	0.0003882741	0.0002892472
titles	0.0001941371	0.0002892472
to	0.0306736556	0.0332634319
today	0.0013589594	0.0012293007
together	0.0001941371	0.0002892472
told	0.0003882741	0.0002892472
too	0.0005824112	0.0005061827
top	0.0005824112	0.0004338709
total	0.0001941371	0.0005061827
towards	0.0001941371	0.0003615590
trade	0.0003882741	0.0013016126
trading	0.0027179189	0.0000723118
traffic	0.0001941371	0.0007954299
training	0.0011648224	0.0000723118
transaction	0.0001941371	0.0003615590
transfer	0.0001941371	0.0007954299
transistion	0.0011648224	0.0000723118
transmission	0.0007765482	0.0000723118
travel	0.0003882741	0.0002169354
trevino	0.0009706853	0.0000723118
true	0.0001941371	0.0007231181
trust	0.0001941371	0.0006508063
try	0.0001941371	0.0003615590
trying	0.0003882741	0.0002169354
turk	0.0001941371	0.0002892472
two	0.0009706853	0.0007954299
type	0.0001941371	0.0007954299
uk	0.0001941371	0.0003615590
unblocking	0.0001941371	0.0002892472
under	0.0015530965	0.0004338709
understand	0.0003882741	0.0002892472
understanding	0.0009706853	0.0002892472
unify	0.0007765482	0.0000723118
united	0.0003882741	0.0003615590
unknown	0.0003882741	0.0003615590
unless	0.0003882741	0.0002169354
unsubscribe	0.0001941371	0.0008677417
until	0.0015530965	0.0002169354
up	0.0017472335	0.0014462362
update	0.0007765482	0.0001446236
upon	0.0001941371	0.0002892472
urgent	0.0003882741	0.0004338709
us	0.0011648224	0.0020247306
use	0.0001941371	0.0026755369
used	0.0001941371	0.0005061827
useful	0.0001941371	0.0002892472
user	0.0005824112	0.0001446236
using	0.0005824112	0.0011569889
utilities	0.0017472335	0.0000723118
uwe	0.0001941371	0.0003615590
v	0.0003882741	0.0003615590
valium	0.0001941371	0.0002892472
valuable	0.0001941371	0.0004338709
value	0.0001941371	0.0006508063
ve	0.0003882741	0.0008677417
venture	0.0001941371	0.0004338709
version	0.0005824112	0.0002169354
very	0.0011648224	0.0012293007
via	0.0001941371	0.0005784945
viagra	0.0001941371	0.0004338709
vice	0.0013589594	0.0000723118
view	0.0001941371	0.0004338709
vince	0.0011648224	0.0000723118
visit	0.0003882741	0.0016631716
visitor	0.0001941371	0.0002892472
voice	0.0005824112	0.0002169354
volatility	0.0009706853	0.0000723118
volume	0.0013589594	0.0000723118
vote	0.0001941371	0.0005784945
w	0.0007765482	0.0003615590
wall	0.0003882741	0.0003615590
want	0.0005824112	0.0020970424
wanted	0.0001941371	0.0002892472
wanting	0.0001941371	0.0003615590
was	0.0017472335	0.0024586015
way	0.0001941371	0.0004338709
ways	0.0001941371	0.0007954299
we	0.0062123859	0.0071588690
web	0.0001941371	0.0015185480
webpage	0.0001941371	0.0003615590
website	0.0001941371	0.0018801070
wednesday	0.0009706853	0.0000723118
week	0.0017472335	0.0009400535
weekly	0.0003882741	0.0002892472
well	0.0011648224	0.0010846771
were	0.0003882741	0.0010123653
what	0.0015530965	0.0029647841
whatever	0.0001941371	0.0003615590
whatsoever	0.0001941371	0.0002892472
when	0.0009706853	0.0012293007
where	0.0005824112	0.0005784945
which	0.0029120559	0.0014462362
while	0.0007765482	0.0005784945
who	0.0005824112	0.0007954299
wholesale	0.0015530965	0.0001446236
why	0.0001941371	0.0007954299
wife	0.0001941371	0.0002892472
will	0.0106775383	0.0065080628
win	0.0001941371	0.0013016126
winner	0.0001941371	0.0002892472
winning	0.0001941371	0.0003615590
with	0.0077654824	0.0065803746
withers	0.0009706853	0.0000723118
within	0.0011648224	0.0007954299
without	0.0001941371	0.0005784945
women	0.0001941371	0.0002892472
won	0.0001941371	0.0005061827
word	0.0003882741	0.0005061827
words	0.0001941371	0.0006508063
work	0.0013589594	0.0007954299
working	0.0003882741	0.0004338709
works	0.0005824112	0.0004338709
world	0.0001941371	0.0006508063
worldwide	0.0009706853	0.0003615590
would	0.0042710153	0.0020247306
wouldn	0.0001941371	0.0003615590
write	0.0001941371	0.0009400535
writing	0.0001941371	0.0004338709
written	0.0003882741	0.0004338709
wrong	0.0001941371	0.0002892472
www	0.0001941371	0.0026032251
x	0.0009706853	0.0002892472
xanax	0.0001941371	0.0002892472
yahoo	0.0001941371	0.0005784945
year	0.0007765482	0.0004338709
years	0.0021355077	0.0002892472
yes	0.0003882741	0.0004338709
yet	0.0003882741	0.0002169354
you	0.0079596195	0.0207534890
your	0.0025237818	0.0216212307
yours	0.0001941371	0.0002892472
yourself	0.0001941371	0.0006508063
zesto	0.0001941371	0.0007954299
